<?xml version="1.0" encoding="utf-8"?>
<CatapultAliasFile>
    <Map Name="id_active_flights" Link="flights/active-flights-view.htm" ResolvedId="1000" />
    <Map Name="id_pnr_view" Link="flights/pnr-tab.htm" ResolvedId="1002" />
    <Map Name="id_flight_view" Link="flights/flight-tab.htm" ResolvedId="1003" />
    <Map Name="id_connection_view" Link="flights/connection-tab.htm" ResolvedId="1004" />
    <Map Name="id_manage_flight_solution" Link="manage-flight/manage-flight-solution-window.htm" ResolvedId="1005" />
    <Map Name="id_manage_flight_solution_matrix" Link="manage-flight/manage-flight-solution-matrix-window.htm" ResolvedId="1006" />
    <Map Name="id_manage_flight_pnr_view" Link="manage-flight/manage-flight-pnr-view-classic-style.htm" ResolvedId="1008" />
    <Map Name="id_manage_flight_pnr_details" Link="manage-flight/manage-flight-pnr-details-window.htm" ResolvedId="1009" />
    <Map Name="id_manage_flight_pax_list" Link="manage-flight/manage-flight-pax-list-window.htm" ResolvedId="1010" />
    <Map Name="id_manage_flight_pax_value" Link="manage-flight/manage-flight-pax-value-window.htm" ResolvedId="1011" />
    <Map Name="id_manage_flight_pax_type_commit" Link="manage-flight/manage-flight-pax-type-commit-window.htm" ResolvedId="1012" />
    <Map Name="id_completed_flights" Link="flights/completed-flights-view.htm" ResolvedId="1014" />
    <Map Name="id_full_flight_details" Link="flights/full-flight-details-view.htm" ResolvedId="1015" />
    <Map Name="id_dashboard" Link="views/dashboard.htm" ResolvedId="1016" />
    <Map Name="id_solution" Link="views/solution-view.htm" ResolvedId="1018" />
    <Map Name="id_archive" Link="views/archive-view.htm" ResolvedId="1019" />
    <Map Name="id_auto_commit_rules" Link="settings/configure-auto-commit-rules.htm" ResolvedId="1020" />
    <Map Name="id_color_bands_global" Link="settings/color-bands-settings.htm" ResolvedId="1021" />
    <Map Name="id_color_bands_market_level" Link="settings/color-bands-settings.htm" ResolvedId="1022" />
    <Map Name="id_risk_levels" Link="delay-connection-management/risk-levels.htm" ResolvedId="1023" />
    <Map Name="id_default_risk_level_by_mct" Link="delay-connection-management/configure-system-risk-levels.htm" ResolvedId="1024" />
    <Map Name="id_station_risk_level_by_mct" Link="delay-connection-management/configure-station-specific-risk-level.htm" ResolvedId="1025" />
    <Map Name="id_triggered_actions" Link="delay-connection-management/risk-level-actions.htm" ResolvedId="1026" />
    <Map Name="id_non_flight_event_trigger_mgmt" Link="delay-connection-management/exceptions-long-short-haul-flights.htm" ResolvedId="1027" />
    <Map Name="id_excluded_flights" Link="settings/excluded-flights.htm" ResolvedId="1028" />
    <Map Name="id_class_replacement_mapping" Link="settings/default-class-mapping.htm#class_replacement_mapping" ResolvedId="1029" />
    <Map Name="id_downgrade_class_mapping" Link="settings/default-class-mapping.htm#host_downgrade_class_mapping" ResolvedId="1031" />
    <Map Name="id_upgrade_class_mapping" Link="settings/default-class-mapping.htm#host_upgrade_class_mapping" ResolvedId="1032" />
    <Map Name="id_other_airlines" Link="settings/configure-other-airlines.htm" ResolvedId="1033" />
    <Map Name="id_overnight_connection_rules" Link="settings/overnight-connection-rules.htm" ResolvedId="1034" />
    <Map Name="id_reaccom_settings" Link="settings/re-accom-settings.htm" ResolvedId="1035" />
    <Map Name="id_reaccom_setting_profiles" Link="reaccom-setting-profiles/overview-reaccom-setting-profiles.htm" ResolvedId="1036" />
    <Map Name="id_solution_matrix" Link="reaccom-setting-profiles/solution-matrix.htm" ResolvedId="1037" />
    <Map Name="id_pax_ranking_values" Link="reaccom-setting-profiles/passenger-ranking-values.htm" ResolvedId="1038" />
    <Map Name="id_triggered_kickouts" Link="reaccom-setting-profiles/triggered-kickouts.htm" ResolvedId="1039" />
    <Map Name="id_solution_ranking_values" Link="reaccom-setting-profiles/solution-ranking-values.htm" ResolvedId="1040" />
    <Map Name="id_profile_solution_constraints" Link="reaccom-setting-profiles/profile-solution-constraints.htm" ResolvedId="1041" />
    <Map Name="id_overbooking_settings" Link="settings/overbooking-settings.htm" ResolvedId="1042" />
    <Map Name="id_scoring_code_groups" Link="settings/scoring-code-groups.htm" ResolvedId="1043" />
    <Map Name="id_station_filters" Link="settings/station-filters.htm" ResolvedId="1044" />
    <Map Name="id_tour_corporate_codes" Link="settings/tour-corporate-codes.htm" ResolvedId="1045" />
    <Map Name="id_waitlist" Link="settings/waitlist.htm" ResolvedId="1046" />
    <Map Name="id_staff_standby" Link="settings/staff-standby.htm" ResolvedId="1047" />
    <Map Name="id_configure_compensation_eligibility" Link="eu261-compensation/flight-compensation-and-eu261.htm" ResolvedId="1048" />
    <Map Name="id_regions" Link="infrastructure/regions.htm" ResolvedId="1051" />
    <Map Name="id_modify_region" Link="infrastructure/regions.htm#editing" ResolvedId="1052" />
    <Map Name="id_pnr_updates" Link="infrastructure/pnr-updates.htm" ResolvedId="1053" />
    <Map Name="id_flight_events_log" Link="infrastructure/flight-events-log.htm" ResolvedId="1054" />
    <Map Name="id_send_flight_inventory" Link="infrastructure/infrastructure-overview.htm" ResolvedId="1055" />
    <Map Name="id_send_flight_events" Link="infrastructure/infrastructure-overview.htm" ResolvedId="1056" />
    <Map Name="id_send_pnr_pax_messages" Link="infrastructure/infrastructure-overview.htm" ResolvedId="1057" />
    <Map Name="id_system_settings" Link="infrastructure/system-settings.htm" ResolvedId="1058" />
    <Map Name="id_other_tools" Link="infrastructure/infrastructure-overview.htm" ResolvedId="1059" />
    <Map Name="id_pnr_search" Link="tools/pnr-search-tool.htm" ResolvedId="1060" />
    <Map Name="id_flight_leg_search" Link="tools/flight-leg-search.htm" ResolvedId="1061" />
    <Map Name="id_advanced_flight_search" Link="tools/advanced-flight-search.htm" ResolvedId="1062" />
    <Map Name="id_mct" Link="tools/minimum-connect-time.htm" ResolvedId="1064" />
    <Map Name="id_flight_in_trouble" Link="tools/flight-in-trouble.htm" ResolvedId="1065" />
    <Map Name="id_audit_log" Link="tools/audit-log.htm" ResolvedId="1066" />
    <Map Name="id_simulator_sim_flight_leg_search" Link="tools/sim-flight-leg-search.htm" ResolvedId="1067" />
    <Map Name="id_simulator_create_sim" Link="tools/create-sim.htm" ResolvedId="1068" />
    <Map Name="id_simulator_mass_disruption" Link="tools/mass-disruption.htm" ResolvedId="1069" />
    <Map Name="id_simulator_saved_sims" Link="tools/saved-sims.htm" ResolvedId="1070" />
    <Map Name="id_reports" Link="tools/reports.htm" ResolvedId="1071" />
    <Map Name="id_color_bands_global_adding" Link="settings/color-bands-settings.htm#global_adding" ResolvedId="1075" />
    <Map Name="id_color_bands_market_level_adding" Link="settings/color-bands-settings.htm#market_level_adding" ResolvedId="1077" />
    <Map Name="id_station_risk_level_by_mct_adding" Link="delay-connection-management/configure-station-specific-risk-level.htm" ResolvedId="1079" />
    <Map Name="id_reaccom_setting_profiles_editing" Link="reaccom-setting-profiles/overview-reaccom-setting-profiles.htm#creating_editing" ResolvedId="1080" />
    <Map Name="id_roles_adding" Link="federated-security.htm#Add" ResolvedId="1084" />
    <Map Name="id_other_airlines_edit_codeshare" Link="other-airlines/configuring-other-airlines.htm#codeshare" ResolvedId="1086" />
    <Map Name="id_rebooking_window_at_origin" Link="settings/rebooking-window-at-origin.htm" ResolvedId="1088" />
    <Map Name="id_commit_queue" Link="views/commit-queue.htm" ResolvedId="1017" />
    <Map Name="id_search_thru_flights" Link="tools/tools-overview.htm" ResolvedId="1063" />
    <Map Name="id_manage_flight_confirmed_inventory" Link="manage-flight/manage-flight-confirmed-inventory-window.htm" ResolvedId="1089" />
    <Map Name="id_flight_inventory_details" Link="tools/flight-leg-search.htm#reading_flight_inventory_details" ResolvedId="1090" />
    <Map Name="id_send_oa_inventory" Link="infrastructure/infrastructure-overview.htm" ResolvedId="1091" />
    <Map Name="id_station_settings" Link="settings/station-settings.htm" ResolvedId="1092" />
</CatapultAliasFile>